zone,player,level,seed,outcome,game_seconds,waves,moves,abilities,floods,low_air_observations,suspends
dungeon,skeleton,1,3101,censored_60s,60.01,8,24,2,0,0,1
dungeon,skeleton,5,3101,censored_60s,60.02,8,24,1,0,0,1
dungeon,bardley,1,3101,censored_60s,60.10,6,26,2,0,0,1
dungeon,bardley,5,3101,censored_60s,60.00,4,27,1,0,0,0
dungeon,gideon_glass,1,3101,censored_60s,60.01,6,27,2,0,0,1
dungeon,gideon_glass,5,3101,censored_60s,60.02,7,25,2,0,0,1
magical-forest,skeleton,1,3101,censored_60s,60.01,4,29,1,0,0,1
magical-forest,skeleton,5,3101,censored_60s,60.02,4,29,1,0,0,1
magical-forest,bardley,1,3101,censored_60s,60.02,4,24,2,0,0,1
magical-forest,bardley,5,3101,censored_60s,60.00,6,24,3,0,0,1
magical-forest,gideon_glass,1,3101,censored_60s,60.01,4,25,2,0,0,1
magical-forest,gideon_glass,5,3101,censored_60s,60.02,4,27,2,0,0,1
drowned-court,skeleton,1,3101,censored_60s,60.01,7,23,2,1,4,1
drowned-court,skeleton,5,3101,censored_60s,60.02,3,30,1,2,7,1
drowned-court,bardley,1,3101,censored_60s,60.01,4,25,2,2,2,1
drowned-court,bardley,5,3101,censored_60s,60.02,5,27,2,2,2,1
drowned-court,gideon_glass,1,3101,censored_60s,60.01,4,29,2,2,2,1
drowned-court,gideon_glass,5,3101,censored_60s,60.02,6,26,2,2,1,1
