date,phase,tool,request_id,asset,status,subscription_generations,notes
2026-10-08,01,get_balance,,service,verified,0,Initial 1360 remaining / 640 used / 2000 total; purchased credits zero
2026-10-08,08,PixelLab motion,05cdf22a-f07f-4548-a866-0a977ec228e6,motion-obsidian_sentinel-AutoAttack-v2.json,receipt recorded,1.0,Quoted provider cost; includes cancelled request conservatively; exact edits free
2026-10-08,08,PixelLab motion,0bb23b78-3c17-45f1-96c4-d69fc7bcce72,motion-seismic_smith-Idle-v2.json,receipt recorded,1.0,Quoted provider cost; includes cancelled request conservatively; exact edits free
2026-10-08,08,PixelLab motion,0c6e50e5-b514-46d1-acb8-0328c612eff3,motion-vein_surveyor-AutoAttack.json,receipt recorded,1.0,Quoted provider cost; includes cancelled request conservatively; exact edits free
2026-10-08,08,PixelLab motion,112e4788-e64b-4fa6-aad6-32ac35d10e6b,still-grand_delver_pilot.json,receipt recorded,1.0,Quoted provider cost; includes cancelled request conservatively; exact edits free
2026-10-08,08,PixelLab motion,1178906d-a646-453c-8e51-f0d7a6a38395,motion-vein_surveyor-Idle.json,receipt recorded,1.0,Quoted provider cost; includes cancelled request conservatively; exact edits free
2026-10-08,08,PixelLab motion,11ecb1a7-0cdb-4190-8646-c8961a7d7b9b,motion-rivet_gunner-Idle.json,receipt recorded,1.0,Quoted provider cost; includes cancelled request conservatively; exact edits free
2026-10-08,08,PixelLab motion,126e2a8e-f6c6-41ef-894b-21214152f01d,motion-rivet_gunner-OreChargedAutoAttack.json,receipt recorded,1.0,Quoted provider cost; includes cancelled request conservatively; exact edits free
2026-10-08,08,PixelLab motion,12bb96d7-0f95-44df-b92a-9846af4892d0,motion-pickaxe_delver-Hit.json,receipt recorded,1.0,Quoted provider cost; includes cancelled request conservatively; exact edits free
2026-10-08,08,PixelLab motion,14693fd7-d74a-4551-9ea1-0fc7e3265a40,motion-pickaxe_delver-OreChargedAutoAttack-v3.json,receipt recorded,1.0,Quoted provider cost; includes cancelled request conservatively; exact edits free
2026-10-08,08,PixelLab motion,157a9f0d-e098-4ff0-93aa-12bedbed94df,motion-siege_machinist-AutoAttack.json,receipt recorded,1.0,Quoted provider cost; includes cancelled request conservatively; exact edits free
2026-10-08,08,PixelLab motion,17e28218-708c-429d-9373-93a9a3522fbe,motion-obsidian_sentinel-OreChargedAutoAttack.json,receipt recorded,1.0,Quoted provider cost; includes cancelled request conservatively; exact edits free
2026-10-08,08,PixelLab motion,1d9d56a7-8f31-4906-aa8e-4edfc2a7ecbd,powered-pilot-retry.json,receipt recorded,2.0,Quoted provider cost; includes cancelled request conservatively; exact edits free
2026-10-08,08,correct_pixelart,1db5331f-f3ce-4a2f-abfd-7c5534230cc2,pilot-corrections.json,rejected palette noise,0.1,Quoted provider cost; includes cancelled request conservatively; exact edits free
2026-10-08,08,PixelLab motion,23b94e0c-37f1-4079-81a5-d79fcc6175e3,motion-stonewright-AutoAttack.json,receipt recorded,1.0,Quoted provider cost; includes cancelled request conservatively; exact edits free
2026-10-08,08,PixelLab motion,26a5a6c0-152e-43e7-89ff-e4d401bb4faa,motion-powder_sapper-Hit.json,receipt recorded,1.0,Quoted provider cost; includes cancelled request conservatively; exact edits free
2026-10-08,08,PixelLab motion,273f9a98-bbdc-46d3-93b1-1b6ab4aaaafb,motion-grand_delver-AutoAttack.json,receipt recorded,1.0,Quoted provider cost; includes cancelled request conservatively; exact edits free
2026-10-08,08,PixelLab motion,282fff2d-959b-4eea-82ac-01a12cb36b46,motion-stonewright-AutoAttack-v2.json,receipt recorded,1.0,Quoted provider cost; includes cancelled request conservatively; exact edits free
2026-10-08,08,PixelLab motion,28ed9c0d-5bed-43fa-9de9-f66691c000d6,motion-obsidian_sentinel-Death.json,receipt recorded,1.0,Quoted provider cost; includes cancelled request conservatively; exact edits free
2026-10-08,08,PixelLab motion,2ac9e6e7-2f6f-4a3e-8b49-33ccdc86772f,motion-bore_engineer-OreChargedAutoAttack.json,receipt recorded,1.0,Quoted provider cost; includes cancelled request conservatively; exact edits free
2026-10-08,08,Pro Flash,2d0b79d9-1253-4c15-b056-dfa714c49aed,still-grand_delver_pilot-v2.json,receipt recorded,6.0,Quoted provider cost; includes cancelled request conservatively; exact edits free
2026-10-08,08,PixelLab motion,3150d768-fefc-4d6c-87e8-51b80b9264ca,motion-ore_hauler-Idle.json,receipt recorded,1.0,Quoted provider cost; includes cancelled request conservatively; exact edits free
2026-10-08,08,PixelLab motion,315f35cf-3a17-4a40-b8cf-308ac310886a,motion-rivet_gunner-Death.json,receipt recorded,1.0,Quoted provider cost; includes cancelled request conservatively; exact edits free
2026-10-08,08,PixelLab motion,34fc2272-5f26-432e-bcbe-4bdc5f2b4f5f,motion-grand_delver-OreChargedAutoAttack.json,receipt recorded,1.0,Quoted provider cost; includes cancelled request conservatively; exact edits free
2026-10-08,08,PixelLab motion,37890272-5c1b-42f9-9a09-f27828a64e8d,motion-grand_delver-Idle.json,receipt recorded,1.0,Quoted provider cost; includes cancelled request conservatively; exact edits free
2026-10-08,08,Pro Flash,3973af40-3a80-4f68-bb88-48731511706d,still-seismic_smith.json,receipt recorded,5.0,Quoted provider cost; includes cancelled request conservatively; exact edits free
2026-10-08,08,PixelLab motion,3a9cd00a-bbe1-494e-a225-fc657af98384,motion-bore_engineer-AutoAttack-v2.json,receipt recorded,1.0,Quoted provider cost; includes cancelled request conservatively; exact edits free
2026-10-08,08,Pro Flash,44d367c6-5fe4-4b69-9818-f96808d0db5e,still-rivet_gunner.json,receipt recorded,5.0,Quoted provider cost; includes cancelled request conservatively; exact edits free
2026-10-08,08,PixelLab motion,44d4d6e6-622a-4af8-bf75-daac5de13c6a,motion-siege_machinist-Idle.json,receipt recorded,1.0,Quoted provider cost; includes cancelled request conservatively; exact edits free
2026-10-08,08,PixelLab motion,487b9140-1bc2-4d80-9db7-b7a8685073a5,motion-rail_switcher-Death.json,receipt recorded,1.0,Quoted provider cost; includes cancelled request conservatively; exact edits free
2026-10-08,08,PixelLab motion,4d190a0a-d9cc-4692-97dc-f9b9b6ee84bc,motion-siege_machinist-Hit.json,receipt recorded,1.0,Quoted provider cost; includes cancelled request conservatively; exact edits free
2026-10-08,08,PixelLab motion,55d2196c-b43b-4ef3-863a-8e88ec0a6112,motion-grand_delver-Hit.json,receipt recorded,1.0,Quoted provider cost; includes cancelled request conservatively; exact edits free
2026-10-08,08,PixelLab motion,562cff40-56e2-4b38-8da1-6ba4bd2d992f,motion-grand_delver-Death.json,receipt recorded,1.0,Quoted provider cost; includes cancelled request conservatively; exact edits free
2026-10-08,08,PixelLab motion,58ac6814-5b12-4a5f-97e7-7370d53bea0e,motion-rail_switcher-AutoAttack-v2.json,receipt recorded,1.0,Quoted provider cost; includes cancelled request conservatively; exact edits free
2026-10-08,08,PixelLab motion,58cd760c-1cfd-4bb8-8c40-5aaf52b1fdb6,motion-obsidian_sentinel-Hit.json,receipt recorded,1.0,Quoted provider cost; includes cancelled request conservatively; exact edits free
2026-10-08,08,PixelLab motion,5a2528bd-57bd-4e51-8952-1d95d9c0d33b,motion-rivet_turret-Hit.json,receipt recorded,1.0,Quoted provider cost; includes cancelled request conservatively; exact edits free
2026-10-08,08,PixelLab motion,5ce34299-fe50-4f31-ac08-09907b91d4d2,motion-bore_engineer-AutoAttack.json,receipt recorded,1.0,Quoted provider cost; includes cancelled request conservatively; exact edits free
2026-10-08,08,PixelLab motion,5fa2f476-2793-413f-94d9-c7cc1521042a,motion-bore_engineer-Idle.json,receipt recorded,1.0,Quoted provider cost; includes cancelled request conservatively; exact edits free
2026-10-08,08,Pro Flash,62aebf13-2827-4695-81d1-62bc80c1f002,still-siege_machinist.json,receipt recorded,5.0,Quoted provider cost; includes cancelled request conservatively; exact edits free
2026-10-08,08,PixelLab motion,63e7c8ed-3040-43f1-8e99-6858945a8222,motion-siege_machinist-Death.json,receipt recorded,1.0,Quoted provider cost; includes cancelled request conservatively; exact edits free
2026-10-08,08,Pro Flash,64218784-1615-46a2-9ed4-2730b26c92ec,still-vein_surveyor.json,receipt recorded,5.0,Quoted provider cost; includes cancelled request conservatively; exact edits free
2026-10-08,08,PixelLab motion,6633820b-6153-413d-999c-e4d661fc6e19,motion-rivet_turret-Death.json,receipt recorded,1.0,Quoted provider cost; includes cancelled request conservatively; exact edits free
2026-10-08,08,Pro Flash,672498df-27e1-4e38-aac1-579162daca8a,still-powder_sapper.json,receipt recorded,5.0,Quoted provider cost; includes cancelled request conservatively; exact edits free
2026-10-08,08,PixelLab motion,68bcd7d5-b139-4303-a696-f33ef5f19f02,motion-ore_hauler-Hit.json,receipt recorded,1.0,Quoted provider cost; includes cancelled request conservatively; exact edits free
2026-10-08,08,PixelLab motion,6e3c044e-14ce-4269-bc51-7fef7389682c,motion-pickaxe_delver-Idle.json,receipt recorded,1.0,Quoted provider cost; includes cancelled request conservatively; exact edits free
2026-10-08,08,PixelLab motion,741e1e55-2488-4362-8657-11298179f2e8,motion-rail_switcher-Hit.json,receipt recorded,1.0,Quoted provider cost; includes cancelled request conservatively; exact edits free
2026-10-08,08,PixelLab motion,751373f7-0d53-4f6d-becb-1cac9ce06964,motion-pickaxe_delver-AutoAttack-v2.json,receipt recorded,1.0,Quoted provider cost; includes cancelled request conservatively; exact edits free
2026-10-08,08,PixelLab motion,77edd153-ad9d-4e57-a9de-5664149cd76c,motion-stonewright-OreChargedAutoAttack.json,receipt recorded,1.0,Quoted provider cost; includes cancelled request conservatively; exact edits free
2026-10-08,08,PixelLab motion,79892fad-f039-437f-9789-0afc2eb3846b,motion-pickaxe_delver-AutoAttack.json,receipt recorded,1.0,Quoted provider cost; includes cancelled request conservatively; exact edits free
2026-10-08,08,PixelLab motion,7a1821d1-78f1-4f9f-9624-6ead4d90117f,motion-rail_switcher-AutoAttack.json,receipt recorded,1.0,Quoted provider cost; includes cancelled request conservatively; exact edits free
2026-10-08,08,Pro Flash,7a3e63b7-0299-4c32-b0f8-9b1744a2bc9f,still-obsidian_sentinel.json,receipt recorded,5.0,Quoted provider cost; includes cancelled request conservatively; exact edits free
2026-10-08,08,animate_image,7bd000de-f954-4789-bdba-2a87440a01af,powered-pilot.json,receipt recorded,1,Quoted provider cost; includes cancelled request conservatively; exact edits free
2026-10-08,08,PixelLab motion,7c9f3e1c-8729-4321-9349-57c91630aefe,motion-bore_engineer-Hit.json,receipt recorded,1.0,Quoted provider cost; includes cancelled request conservatively; exact edits free
2026-10-08,08,PixelLab motion,7cb96d2e-18c2-4823-9225-ce329e675b19,motion-packbeetle-AutoAttack.json,receipt recorded,1.0,Quoted provider cost; includes cancelled request conservatively; exact edits free
2026-10-08,08,Pro Flash,7d9c02f2-81a7-4bfb-9788-fe5600880585,pilot-jobs.json,receipt recorded,5.0,Quoted provider cost; includes cancelled request conservatively; exact edits free
2026-10-08,08,Pro Flash,7fe6e21a-72aa-4cfe-9fc9-329f219edb7f,still-packbeetle.json,receipt recorded,5.0,Quoted provider cost; includes cancelled request conservatively; exact edits free
2026-10-08,08,PixelLab motion,80aa315f-54d7-4be4-a34b-8c8a1d3382a8,motion-obsidian_sentinel-Idle.json,receipt recorded,1.0,Quoted provider cost; includes cancelled request conservatively; exact edits free
2026-10-08,08,PixelLab motion,82a8bdcd-7dee-4fba-8af5-32b74e5ccd04,motion-packbeetle-Idle.json,receipt recorded,1.0,Quoted provider cost; includes cancelled request conservatively; exact edits free
2026-10-08,08,Pro Flash,85dcceb2-4fe0-4e94-952a-af2efb8ebade,pilot-jobs.json,receipt recorded,5.0,Quoted provider cost; includes cancelled request conservatively; exact edits free
2026-10-08,08,PixelLab motion,86ac2ec9-6839-4dcf-94c8-6ef4336303ec,motion-rivet_turret-Idle.json,receipt recorded,1.0,Quoted provider cost; includes cancelled request conservatively; exact edits free
2026-10-08,08,PixelLab motion,8b76ece6-4fb6-4d44-821b-da9e5a60d8ce,pose-bore_engineer-contact.json,receipt recorded,1.0,Quoted provider cost; includes cancelled request conservatively; exact edits free
2026-10-08,08,PixelLab motion,8ba82cf6-bd78-4913-bc78-84eebdbe4359,motion-vein_surveyor-Hit.json,receipt recorded,1.0,Quoted provider cost; includes cancelled request conservatively; exact edits free
2026-10-08,08,PixelLab motion,8e581b41-222f-4d3b-bc83-6cccef20e4a5,motion-vein_surveyor-Death.json,receipt recorded,1.0,Quoted provider cost; includes cancelled request conservatively; exact edits free
2026-10-08,08,Pro Flash,92377805-4bbb-46dd-b48c-3f14de344245,boss-drill-tip-repair.json,receipt recorded,6.0,Quoted provider cost; includes cancelled request conservatively; exact edits free
2026-10-08,08,Pro Flash,92500e0f-6ebc-436b-be25-6f9566ef022d,still-stonewright.json,receipt recorded,5.0,Quoted provider cost; includes cancelled request conservatively; exact edits free
2026-10-08,08,PixelLab motion,9e756cb0-ee34-46d9-a397-b845f73fb83a,motion-powder_sapper-Death.json,receipt recorded,1.0,Quoted provider cost; includes cancelled request conservatively; exact edits free
2026-10-08,08,Pro Flash,a106a37d-5b13-422c-910e-fbdc61659d27,still-rivet_turret.json,receipt recorded,5.0,Quoted provider cost; includes cancelled request conservatively; exact edits free
2026-10-08,08,PixelLab motion,a2d4aea9-bd21-480c-8549-96ebcddafb90,motion-pickaxe_delver-Death.json,receipt recorded,1.0,Quoted provider cost; includes cancelled request conservatively; exact edits free
2026-10-08,08,PixelLab motion,a5943ae1-eb34-4c1f-91bf-99a54ff53e8a,motion-stonewright-Hit.json,receipt recorded,1.0,Quoted provider cost; includes cancelled request conservatively; exact edits free
2026-10-08,08,PixelLab motion,a8cc98b1-eaad-4820-96a9-94fc99322ade,motion-rivet_gunner-Hit.json,receipt recorded,1.0,Quoted provider cost; includes cancelled request conservatively; exact edits free
2026-10-08,08,PixelLab motion,aa541ac6-1fe0-4820-92ac-a6bd581a2508,motion-packbeetle-Hit.json,receipt recorded,1.0,Quoted provider cost; includes cancelled request conservatively; exact edits free
2026-10-08,08,correct_pixelart,ab6a5799-981b-403f-a6ef-a30a768411d2,pilot-corrections.json,rejected palette noise,0.1,Quoted provider cost; includes cancelled request conservatively; exact edits free
2026-10-08,08,PixelLab motion,b19ae9d6-78e4-4dbc-9b74-d449192ddc32,motion-ore_hauler-Ability.json,receipt recorded,1.0,Quoted provider cost; includes cancelled request conservatively; exact edits free
2026-10-08,08,PixelLab motion,b252629e-f56e-4cb9-b9cb-622789f4d921,motion-seismic_smith-AutoAttack.json,receipt recorded,1.0,Quoted provider cost; includes cancelled request conservatively; exact edits free
2026-10-08,08,PixelLab motion,b3d5a733-9983-49e5-9361-8b6feb9ba0c5,motion-powder_sapper-Idle.json,receipt recorded,1.0,Quoted provider cost; includes cancelled request conservatively; exact edits free
2026-10-08,08,PixelLab motion,b47f7a87-f8e4-403e-bd01-ae5966b2b69d,motion-obsidian_sentinel-AutoAttack.json,receipt recorded,2.0,Quoted provider cost; includes cancelled request conservatively; exact edits free
2026-10-08,08,PixelLab motion,b9831b73-126d-484f-afe5-a7d4d30756e3,motion-bore_engineer-AutoAttack-v3.json,receipt recorded,1.0,Quoted provider cost; includes cancelled request conservatively; exact edits free
2026-10-08,08,PixelLab motion,bd94b62e-1304-4b58-8826-37b7916543e0,motion-seismic_smith-Death.json,receipt recorded,1.0,Quoted provider cost; includes cancelled request conservatively; exact edits free
2026-10-08,08,Pro Flash,c16f52ce-bfd1-4739-94d4-b88b33c10700,pilot-jobs.json,receipt recorded,5.0,Quoted provider cost; includes cancelled request conservatively; exact edits free
2026-10-08,08,PixelLab motion,c429366a-7cd3-48f6-9471-4465b307c3c3,motion-stonewright-Recovery.json,receipt recorded,1.0,Quoted provider cost; includes cancelled request conservatively; exact edits free
2026-10-08,08,PixelLab motion,c85390c7-8829-4403-bb55-36479f0892dd,motion-rivet_turret-OreChargedAutoAttack.json,receipt recorded,1.0,Quoted provider cost; includes cancelled request conservatively; exact edits free
2026-10-08,08,PixelLab motion,cbcb1ede-cd83-43bc-8931-a1c77a0b57c2,motion-powder_sapper-AutoAttack.json,receipt recorded,1.0,Quoted provider cost; includes cancelled request conservatively; exact edits free
2026-10-08,08,Pro Flash,d1609e9d-850a-47cc-a277-c9e85ffec0fd,still-rail_switcher.json,receipt recorded,5.0,Quoted provider cost; includes cancelled request conservatively; exact edits free
2026-10-08,08,PixelLab motion,d663b616-7bb7-4f89-af3c-0cbd28579ba8,motion-rivet_gunner-AutoAttack.json,receipt recorded,1.0,Quoted provider cost; includes cancelled request conservatively; exact edits free
2026-10-08,08,PixelLab motion,d7447530-cd0b-4f47-981f-f4867376d9b4,motion-stonewright-Death.json,receipt recorded,1.0,Quoted provider cost; includes cancelled request conservatively; exact edits free
2026-10-08,08,Pro Flash,d8dd6246-10f8-47c5-be94-fc2271f4358a,smith-edge-repair.json,receipt recorded,5.0,Quoted provider cost; includes cancelled request conservatively; exact edits free
2026-10-08,08,PixelLab motion,dca78922-2d82-40e7-a67c-d33b65ec6eca,still-grand_delver_reserve.json,receipt recorded,1.0,Quoted provider cost; includes cancelled request conservatively; exact edits free
2026-10-08,08,PixelLab motion,e3f11a09-2d66-4ef1-a477-00b2d12823ec,motion-packbeetle-Death.json,receipt recorded,1.0,Quoted provider cost; includes cancelled request conservatively; exact edits free
2026-10-08,08,PixelLab motion,e463fa3d-daf8-4bb5-aa15-729918f78da4,motion-seismic_smith-OreChargedAutoAttack.json,receipt recorded,1.0,Quoted provider cost; includes cancelled request conservatively; exact edits free
2026-10-08,08,PixelLab motion,e4ecfa10-6a6c-4bc8-a5fa-1c9af0590cad,motion-rivet_turret-AutoAttack-v2.json,receipt recorded,1.0,Quoted provider cost; includes cancelled request conservatively; exact edits free
2026-10-08,08,PixelLab motion,e7546bdb-362e-4ad5-bf67-86fae7a25f37,pose-grand_delver_pilot-v3.json,receipt recorded,1.0,Quoted provider cost; includes cancelled request conservatively; exact edits free
2026-10-08,08,PixelLab motion,e7ebd5ba-d2c3-40ca-92c0-d3558b865904,motion-seismic_smith-Hit.json,receipt recorded,1.0,Quoted provider cost; includes cancelled request conservatively; exact edits free
2026-10-08,08,PixelLab motion,e91111d9-379d-46cc-a78a-db30a4adfe63,motion-siege_machinist-Hit-v2.json,receipt recorded,1.0,Quoted provider cost; includes cancelled request conservatively; exact edits free
2026-10-08,08,PixelLab motion,eae3bf2b-46d7-4fa8-8d29-a2060b03d678,motion-seismic_smith-Idle.json,receipt recorded,1.0,Quoted provider cost; includes cancelled request conservatively; exact edits free
2026-10-08,08,PixelLab motion,ec59951c-560d-4291-9631-d27994603fd9,motion-obsidian_sentinel-Hit-v2.json,receipt recorded,1.0,Quoted provider cost; includes cancelled request conservatively; exact edits free
2026-10-08,08,PixelLab motion,ed57bfb3-cb64-42b2-9825-8a9f9df16119,motion-bore_engineer-Death.json,receipt recorded,1.0,Quoted provider cost; includes cancelled request conservatively; exact edits free
2026-10-08,08,PixelLab motion,f4ac4d43-eae9-48c0-92f1-62d524fd99fb,motion-ore_hauler-Death.json,receipt recorded,1.0,Quoted provider cost; includes cancelled request conservatively; exact edits free
2026-10-08,08,animate_image,fb5068e8-399f-4076-b1cb-233b07c09f5b,powered-pilot.json,cancelled; refund unconfirmed; budget retained,1,Quoted provider cost; includes cancelled request conservatively; exact edits free
2026-10-08,08,PixelLab motion,fb55c5a7-cd45-4822-8ebc-31d9fadcbbe4,motion-ore_hauler-AutoAttack.json,receipt recorded,1.0,Quoted provider cost; includes cancelled request conservatively; exact edits free
2026-10-08,08,PixelLab motion,fb904229-65ad-434f-ba9f-b8355cfeacb7,motion-stonewright-Idle.json,receipt recorded,1.0,Quoted provider cost; includes cancelled request conservatively; exact edits free
2026-10-08,08,Pro Flash,fcfe150c-7a39-49eb-82b6-0fa1ac2ebce7,pilot-jobs.json,receipt recorded,5.0,Quoted provider cost; includes cancelled request conservatively; exact edits free
2026-10-08,08,PixelLab motion,fd0e8e34-d7b2-412a-bc32-c9f79023273c,motion-seismic_smith-Hit-v2.json,receipt recorded,1.0,Quoted provider cost; includes cancelled request conservatively; exact edits free
2026-10-08,08,PixelLab motion,fe2d8c7f-2631-4d5a-84f0-fd7f79ca43e7,motion-rail_switcher-Idle.json,receipt recorded,1.0,Quoted provider cost; includes cancelled request conservatively; exact edits free
